{
	"model": {
		"id": "raspberrypi,4-model-b",
		"name": "Raspberry Pi 4 Model B Rev 1.5"
	},
	"network": {
		"lan": {
			"device": "eth0",
			"protocol": "static"
		}
	},
	"wlan": {
		"phy0": {
			"path": "platform/soc/fe300000.mmcnr/mmc_host/mmc1/mmc1:0001/mmc1:0001:1",
			"info": {
				"antenna_rx": 0,
				"antenna_tx": 0,
				"bands": {
					"2G": {
						"max_width": 20,
						"modes": [
							"NOHT"
						],
						"default_channel": 1
					},
					"5G": {
						"max_width": 20,
						"modes": [
							"NOHT"
						],
						"default_channel": 36
					}
				},
				"radios": [
				]
			}
		}
	}
}
