{ "action": { "type": "firstchild" }, "children": { "admin": { "satisfied": true, "children": { "system": { "satisfied": true, "children": { "acl": { "satisfied": true, "action": { "type": "view", "path": "system/acl" }, "depends": { "acl": [ "luci-app-acl" ], "uci": { "rpcd": true } }, "order": 10, "title": "ACL Settings" }, "attendedsysupgrade": { "satisfied": true, "action": { "type": "firstchild" }, "depends": { "acl": [ "luci-app-attendedsysupgrade" ], "uci": { "attendedsysupgrade": true } }, "order": 60, "title": "Attended Sysupgrade", "children": { "overview": { "satisfied": true, "action": { "type": "view", "path": "attendedsysupgrade/overview" }, "order": 1, "title": "Overview" }, "configuration": { "satisfied": true, "action": { "type": "view", "path": "attendedsysupgrade/configuration" }, "order": 2, "title": "Configuration" } } }, "commands": { "satisfied": true, "action": { "type": "firstchild" }, "depends": { "acl": [ "luci-app-commands" ] }, "order": 80, "title": "Custom Commands", "children": { "dashboard": { "satisfied": true, "action": { "type": "template", "path": "commands" }, "order": 1, "title": "Dashboard" }, "config": { "satisfied": true, "action": { "type": "view", "path": "commands" }, "order": 2, "title": "Configure" }, "run": { "satisfied": true, "wildcard": true, "action": { "type": "function", "module": "luci.controller.commands", "function": "action_run" }, "order": 3 }, "download": { "satisfied": true, "wildcard": true, "action": { "type": "function", "module": "luci.controller.commands", "function": "action_download" }, "order": 4 } } }, "filemanager": { "satisfied": true, "action": { "type": "view", "path": "system/filemanager" }, "depends": { "acl": [ "luci-app-filemanager" ] }, "order": 80, "title": "File Manager" }, "package-manager": { "satisfied": true, "action": { "type": "view", "path": "package-manager" }, "depends": { "acl": [ "luci-app-package-manager" ] }, "order": 30, "title": "Software" }, "system": { "satisfied": true, "action": { "type": "view", "path": "system/system" }, "depends": { "acl": [ "luci-mod-system-config" ] }, "order": 1, "title": "System" }, "admin": { "satisfied": true, "action": { "type": "firstchild" }, "depends": { "acl": [ "luci-mod-system-config", "luci-mod-system-ssh" ] }, "order": 2, "title": "Administration", "children": { "password": { "satisfied": true, "action": { "type": "view", "path": "system/password" }, "depends": { "acl": [ "luci-mod-system-config" ] }, "order": 1, "title": "Router Password" }, "dropbear": { "satisfied": true, "action": { "type": "view", "path": "system/dropbear" }, "depends": { "acl": [ "luci-mod-system-ssh" ], "fs": { "/usr/sbin/dropbear": "executable" } }, "order": 2, "title": "SSH Access" }, "sshkeys": { "satisfied": true, "action": { "type": "view", "path": "system/sshkeys" }, "depends": { "acl": [ "luci-mod-system-ssh" ], "fs": { "/usr/sbin/dropbear": "executable" } }, "order": 3, "title": "SSH-Keys" }, "uhttpd": { "satisfied": true, "action": { "type": "view", "path": "system/uhttpd" }, "depends": { "acl": [ "luci-mod-system-uhttpd" ], "fs": { "/usr/sbin/uhttpd": "executable" } }, "order": 4, "title": "HTTP(S) Access" }, "repokeys": { "satisfied": true, "action": { "type": "view", "path": "system/repokeys" }, "depends": { "acl": [ "luci-mod-system-repokeys" ] }, "order": 5, "title": "Repo Public Keys" } } }, "startup": { "satisfied": true, "action": { "type": "view", "path": "system/startup" }, "depends": { "acl": [ "luci-mod-system-init" ] }, "order": 45, "title": "Startup" }, "crontab": { "satisfied": true, "action": { "type": "view", "path": "system/crontab" }, "depends": { "acl": [ "luci-mod-system-cron" ] }, "order": 46, "title": "Scheduled Tasks" }, "mounts": { "satisfied": false, "action": { "type": "view", "path": "system/mounts" }, "depends": { "acl": [ "luci-mod-system-mounts" ], "fs": { "/sbin/block": "executable" } }, "order": 50, "title": "Mount Points" }, "leds": { "satisfied": true, "action": { "type": "view", "path": "system/leds" }, "depends": { "acl": [ "luci-mod-system-config" ], "fs": { "/sys/class/leds": "directory" } }, "order": 60, "title": "LED Configuration" }, "flash": { "satisfied": true, "action": { "type": "view", "path": "system/flash" }, "depends": { "acl": [ "luci-mod-system-flash" ] }, "order": 70, "title": "Backup / Flash Firmware" }, "reboot": { "satisfied": true, "action": { "type": "view", "path": "system/reboot" }, "depends": { "acl": [ "luci-mod-system-reboot" ] }, "order": 90, "title": "Reboot" } }, "action": { "type": "firstchild", "preferred": "system", "recurse": true }, "order": 20, "title": "System" }, "services": { "satisfied": true, "children": { "chrony": { "satisfied": true, "action": { "type": "view", "path": "chrony" }, "depends": { "acl": [ "luci-app-chrony" ] }, "order": 30, "title": "Chrony" }, "clamav": { "satisfied": true, "action": { "type": "alias", "path": "admin/services/clamav/clamav" }, "depends": { "acl": [ "luci-app-clamav" ], "fs": { "/usr/sbin/clamd": "executable" } }, "title": "ClamAV", "children": { "clamav": { "satisfied": true, "action": { "type": "view", "path": "clamav/clamav" }, "order": 1, "title": "ClamAV" }, "clamav-milter": { "satisfied": true, "action": { "type": "view", "path": "clamav/clamav-milter" }, "depends": { "fs": { "/usr/sbin/clamav-milter": "executable" } }, "order": 2, "title": "ClamAV Milter" }, "freshclam": { "satisfied": false, "action": { "type": "view", "path": "clamav/freshclam" }, "depends": { "fs": { "/usr/sbin/freshclam": "executable" } }, "order": 3, "title": "Freshclam" }, "clamav-log": { "satisfied": true, "action": { "type": "view", "path": "clamav/clamav-log" }, "order": 4, "title": "Log" } } }, "email": { "satisfied": true, "action": { "type": "view", "path": "email/emailrelay" }, "depends": { "acl": [ "luci-app-email" ] }, "order": 50, "title": "Email server" }, "lldpd": { "satisfied": true, "action": { "type": "firstchild" }, "depends": { "uci": { "lldpd": true } }, "order": 80, "title": "LLDP", "children": { "status": { "satisfied": true, "action": { "type": "view", "path": "lldpd/status" }, "depends": { "acl": [ "luci-app-lldpd-status" ] }, "order": 10, "title": "Status" }, "config": { "satisfied": true, "action": { "type": "view", "path": "lldpd/config" }, "depends": { "acl": [ "luci-app-lldpd-config" ] }, "order": 20, "title": "Settings" } } }, "uhttpd": { "satisfied": true, "action": { "type": "view", "path": "uhttpd/uhttpd" }, "depends": { "acl": [ "luci-app-uhttpd" ], "uci": { "uhttpd": true } }, "title": "uHTTPd" } }, "action": { "type": "firstchild", "recurse": true }, "order": 40, "title": "Services" }, "network": { "satisfied": true, "children": { "firewall": { "satisfied": true, "action": { "type": "alias", "path": "admin/network/firewall/zones" }, "depends": { "acl": [ "luci-app-firewall" ], "fs": { "/sbin/fw3": "executable" }, "uci": { "firewall": true } }, "order": 60, "title": "Firewall", "children": { "zones": { "satisfied": true, "action": { "type": "view", "path": "firewall/zones" }, "order": 10, "title": "General Settings" }, "forwards": { "satisfied": true, "action": { "type": "view", "path": "firewall/forwards" }, "order": 20, "title": "Port Forwards" }, "rules": { "satisfied": true, "action": { "type": "view", "path": "firewall/rules" }, "order": 30, "title": "Traffic Rules" }, "snats": { "satisfied": true, "action": { "type": "view", "path": "firewall/snats" }, "order": 40, "title": "NAT Rules" }, "ipsets": { "satisfied": true, "action": { "type": "view", "path": "firewall/ipsets" }, "order": 45, "title": "IP Sets" }, "custom": { "satisfied": false, "action": { "type": "view", "path": "firewall/custom" }, "depends": { "fs": { "/usr/share/fw3/helpers.conf": "file" } }, "order": 50, "title": "Custom Rules" } } }, "mwan3": { "satisfied": true, "action": { "type": "firstchild" }, "depends": { "acl": [ "luci-app-mwan3" ] }, "title": "MultiWAN Manager", "children": { "globals": { "satisfied": true, "action": { "type": "view", "path": "mwan3/network/globals" }, "order": 10, "title": "Globals" }, "interface": { "satisfied": true, "action": { "type": "view", "path": "mwan3/network/interface" }, "order": 20, "title": "Interface" }, "member": { "satisfied": true, "action": { "type": "view", "path": "mwan3/network/member" }, "order": 30, "title": "Member" }, "policy": { "satisfied": true, "action": { "type": "view", "path": "mwan3/network/policy" }, "order": 40, "title": "Policy" }, "rule": { "satisfied": true, "action": { "type": "view", "path": "mwan3/network/rule" }, "order": 50, "title": "Rule" }, "notify": { "satisfied": true, "action": { "type": "view", "path": "mwan3/network/notify" }, "order": 60, "title": "Notify" } } }, "qos": { "satisfied": true, "action": { "type": "view", "path": "qos/qos" }, "depends": { "acl": [ "luci-app-qos" ], "uci": { "qos": true } }, "title": "QoS" }, "switch": { "satisfied": false, "action": { "type": "view", "path": "network/switch" }, "depends": { "acl": [ "luci-mod-network-config" ], "fs": { "/sbin/swconfig": "executable" }, "uci": { "network": { "@switch": true } } }, "order": 20, "title": "Switch" }, "wireless": { "satisfied": true, "action": { "type": "view", "path": "network/wireless" }, "depends": { "acl": [ "luci-mod-network-config" ], "uci": { "wireless": { "@wifi-device": true } } }, "order": 15, "title": "Wireless" }, "remote_addr": { "satisfied": true, "wildcard": true, "action": { "type": "call", "module": "luci.controller.admin.network", "function": "remote_addr" } }, "network": { "satisfied": true, "action": { "type": "view", "path": "network/interfaces" }, "depends": { "acl": [ "luci-mod-network-config" ] }, "order": 10, "title": "Interfaces" }, "routes": { "satisfied": true, "action": { "type": "view", "path": "network/routes" }, "depends": { "acl": [ "luci-mod-network-config" ] }, "order": 30, "title": "Routing" }, "dhcp": { "satisfied": true, "action": { "type": "view", "path": "network/dhcp" }, "depends": { "acl": [ "luci-mod-network-dhcp" ], "fs": { "/usr/sbin/dnsmasq": "executable" }, "uci": { "dhcp": true } }, "order": 40, "title": "DHCP and DNS" }, "diagnostics": { "satisfied": true, "action": { "type": "view", "path": "network/diagnostics" }, "depends": { "acl": [ "luci-mod-network-diagnostics" ] }, "order": 50, "title": "Diagnostics" } }, "action": { "type": "firstchild", "recurse": true }, "order": 50, "title": "Network" }, "status": { "satisfied": true, "children": { "mwan3": { "satisfied": true, "action": { "type": "firstchild" }, "depends": { "acl": [ "luci-app-mwan3" ] }, "title": "MultiWAN Manager", "children": { "overview": { "satisfied": true, "action": { "type": "view", "path": "mwan3/status/overview" }, "order": 10, "title": "Overview" }, "detail": { "satisfied": true, "action": { "type": "view", "path": "mwan3/status/detail" }, "order": 20, "title": "Status" }, "diagnostics": { "satisfied": true, "action": { "type": "view", "path": "mwan3/status/diagnostics" }, "order": 30, "title": "Diagnostics" }, "troubleshooting": { "satisfied": true, "action": { "type": "view", "path": "mwan3/status/troubleshooting" }, "order": 40, "title": "Troubleshooting" } } }, "overview": { "satisfied": true, "action": { "type": "template", "path": "admin_status/index" }, "depends": { "acl": [ "luci-mod-status-index" ] }, "order": 1, "title": "Overview" }, "routes": { "satisfied": true, "action": { "type": "view", "path": "status/routes" }, "depends": { "acl": [ "luci-mod-status-routes" ] }, "order": 2, "title": "Routing" }, "iptables": { "satisfied": false, "action": { "type": "view", "path": "status/iptables" }, "depends": { "acl": [ "luci-mod-status-firewall" ], "fs": [ { "/usr/sbin/nft": "absent", "/usr/sbin/iptables": "executable" }, { "/usr/sbin/nft": "absent", "/usr/sbin/ip6tables": "executable" } ] }, "order": 3, "title": "Firewall" }, "nftables": { "satisfied": true, "action": { "type": "view", "path": "status/nftables" }, "depends": { "acl": [ "luci-mod-status-firewall" ], "fs": { "/usr/sbin/nft": "executable" } }, "order": 3, "title": "Firewall", "children": { "iptables": { "satisfied": true, "action": { "type": "view", "path": "status/iptables" } } } }, "logs": { "satisfied": true, "action": { "type": "alias", "path": "admin/status/logs/syslog" }, "depends": { "acl": [ "luci-mod-status-logs" ] }, "order": 4, "title": "System Log", "children": { "syslog": { "satisfied": true, "action": { "type": "view", "path": "status/syslog" }, "order": 1, "title": "System Log" }, "dmesg": { "satisfied": true, "action": { "type": "view", "path": "status/dmesg" }, "order": 2, "title": "Kernel Log" } } }, "processes": { "satisfied": true, "action": { "type": "view", "path": "status/processes" }, "depends": { "acl": [ "luci-mod-status-processes" ] }, "order": 6, "title": "Processes" }, "channel_analysis": { "satisfied": true, "action": { "type": "view", "path": "status/channel_analysis" }, "depends": { "acl": [ "luci-mod-status-channel_analysis" ], "uci": { "wireless": { "@wifi-device": true } } }, "order": 7, "title": "Channel Analysis" }, "realtime": { "satisfied": true, "action": { "type": "alias", "path": "admin/status/realtime/load" }, "depends": { "acl": [ "luci-mod-status-realtime" ] }, "order": 7, "title": "Realtime Graphs", "children": { "load": { "satisfied": true, "action": { "type": "view", "path": "status/load" }, "order": 1, "title": "Load" }, "bandwidth": { "satisfied": true, "action": { "type": "view", "path": "status/bandwidth" }, "order": 2, "title": "Bandwidth" }, "wireless": { "satisfied": true, "action": { "type": "view", "path": "status/wireless" }, "depends": { "uci": { "wireless": { "@wifi-device": true } } }, "order": 3, "title": "Wireless" }, "connections": { "satisfied": true, "action": { "type": "view", "path": "status/connections" }, "order": 4, "title": "Connections" } } } }, "action": { "type": "firstchild", "preferred": "overview", "recurse": true }, "order": 10, "title": "Status" }, "vpn": { "satisfied": true, "action": { "type": "firstchild", "recurse": true }, "order": 70, "title": "VPN", "children": { "ocserv": { "satisfied": true, "children": { "main": { "satisfied": true, "action": { "module": "luci.dispatcher", "type": "call", "post": { "cbi.submit": "1" }, "function": "invoke_cbi_action", "parameters": [ "ocserv/main", { } ] }, "order": 200, "title": "Server Settings" }, "disconnect": { "satisfied": true, "action": { "module": "luci.controller.ocserv", "type": "call", "post": true, "function": "ocserv_disconnect" }, "wildcard": true }, "users": { "satisfied": true, "action": { "module": "luci.dispatcher", "type": "call", "post": { "cbi.submit": "1" }, "function": "invoke_cbi_action", "parameters": [ "ocserv/users", { } ] }, "order": 300, "title": "User Settings" }, "status": { "satisfied": true, "action": { "module": "luci.controller.ocserv", "type": "call", "function": "ocserv_status" }, "wildcard": true } }, "action": { "path": "admin/vpn/ocserv/main", "type": "alias" }, "depends": { "acl": [ "luci-app-ocserv" ] }, "title": "OpenConnect VPN" } } }, "translations": { "satisfied": true, "wildcard": true, "action": { "type": "function", "module": "luci.controller.admin.index", "function": "action_translations" }, "auth": { } }, "ubus": { "satisfied": true, "wildcard": true, "action": { "type": "function", "module": "luci.controller.admin.index", "function": "action_ubus" }, "auth": { } }, "logout": { "satisfied": true, "action": { "type": "function", "module": "luci.controller.admin.index", "function": "action_logout" }, "depends": { "acl": [ "luci-base" ] }, "order": 999, "title": "Log out", "firstchild_ineligible": true }, "uci": { "satisfied": true, "action": { "type": "firstchild" }, "children": { "revert": { "satisfied": true, "action": { "type": "function", "module": "luci.controller.admin.uci", "function": "action_revert", "post": true } }, "apply_rollback": { "satisfied": true, "action": { "type": "function", "module": "luci.controller.admin.uci", "function": "action_apply_rollback", "post": true }, "auth": { "methods": [ "cookie:sysauth_https", "cookie:sysauth_http" ] }, "cors": true }, "apply_unchecked": { "satisfied": true, "action": { "type": "function", "module": "luci.controller.admin.uci", "function": "action_apply_unchecked", "post": true }, "auth": { "methods": [ "cookie:sysauth_https", "cookie:sysauth_http" ] }, "cors": true }, "confirm": { "satisfied": true, "action": { "type": "function", "module": "luci.controller.admin.uci", "function": "action_confirm" }, "auth": { }, "cors": true } } }, "menu": { "satisfied": true, "action": { "type": "function", "module": "luci.controller.admin.index", "function": "action_menu" }, "auth": { } }, "dashboard": { "satisfied": true, "action": { "type": "view", "path": "dashboard/index" }, "depends": { "acl": [ "luci-mod-dashboard-index" ] }, "order": 1, "title": "Dashboard" } }, "action": { "type": "firstchild", "recurse": true }, "auth": { "methods": [ "cookie:sysauth_https", "cookie:sysauth_http" ], "login": true }, "order": 10, "title": "Administration" }, "command": { "satisfied": true, "wildcard": true, "action": { "type": "function", "module": "luci.controller.commands", "function": "action_public" } }, "rpc": { "satisfied": true, "children": { "ipkg": { "satisfied": true, "action": { "module": "luci.controller.rpc", "type": "call", "function": "rpc_ipkg" } }, "fs": { "satisfied": true, "action": { "module": "luci.controller.rpc", "type": "call", "function": "rpc_fs" } }, "sys": { "satisfied": true, "action": { "module": "luci.controller.rpc", "type": "call", "function": "rpc_sys" } }, "auth": { "satisfied": true, "action": { "module": "luci.controller.rpc", "type": "call", "function": "rpc_auth" }, "auth": { } }, "ip": { "satisfied": true, "action": { "module": "luci.controller.rpc", "type": "call", "function": "rpc_ip" } }, "uci": { "satisfied": true, "action": { "module": "luci.controller.rpc", "type": "call", "function": "rpc_uci" } } }, "auth": { "login": false, "methods": [ "query:auth", "cookie:sysauth_https", "cookie:sysauth_http", "cookie:sysauth" ] } } } }